"school","sex","address","famsize","Pstatus","Mjob","Fjob","reason","guardian","age","Medu","Fedu","traveltime","studytime","failures","schoolsup","famsup","paid","activities","nursery","higher","internet","romantic","famrel","freetime","goout","Dalc","Walc","health","absences","G1","G2","G3","w"
"GP","F","U","GT3","A","at_home","teacher","course","mother",18,3,3,1.5,1.5,1,0.5,0.5,0,0.5,1,1,0.5,0,3.5,3,3.5,1,1.5,3.5,3,6,5,3,47
"GP","F","U","GT3","T","at_home","other","course","father",17,2.5,2.5,1.5,2,0,0.5,1,0,0,0.5,1,0.5,0,4.5,2,3.5,1,1,2,5,5.5,5,6,45
"GP","F","U","LE3","T","at_home","other","other","mother",15,2.5,1.5,1,2.5,1.5,0.5,0.5,1,0.5,1,1,1,0.5,3.5,2.5,2,1.5,2,4,6,11,11,12.5,56
"GP","F","U","GT3","T","health","services","home","mother",15,2.5,1.5,1,2.5,1.5,0.5,0.5,1,0.5,1,1,1,0.5,3.5,2.5,2,1.5,2,4,6,11,11,12.5,56
"GP","F","U","GT3","T","other","other","home","father",16,3.5,3,1,2,0,0,1,1,0.5,1,1,0.5,0,4.5,3.5,2,1,2,5,7,10.5,12.5,12.5,50
"GP","M","U","LE3","T","services","other","reputation","mother",16,3.5,3,1,2,0,0,1,1,0.5,1,1,0.5,0,4.5,3.5,2,1,2,5,7,10.5,12.5,12.5,50
"GP","M","U","LE3","T","other","other","home","mother",16,3,3,1,1.5,0,0,0.5,0,0,1,1,1,0,4,4,4,1,1.5,2.5,2,13,13,12.5,43.5
"GP","F","U","GT3","A","other","teacher","home","mother",17,2.5,2.5,1.5,2,0,0.5,1,0,0,0.5,1,0.5,0,4.5,2,3.5,1,1,2,5,5.5,5,6,45
"GP","M","U","LE3","A","services","other","home","mother",15,3,3,1,2,0,0,1,1,0.5,1,1,1,0,4.5,3.5,1.5,1,1,3,0,15,16.5,17,50.5
"GP","M","U","GT3","T","other","other","home","mother",15,3,3,1,2,0,0,1,1,0.5,1,1,1,0,4.5,3.5,1.5,1,1,3,0,15,16.5,17,50.5
"GP","F","U","GT3","T","teacher","health","reputation","mother",15,3,2.5,2,2.5,0,0,1,0.5,0.5,1,1,1,0,4,2.5,2.5,1,1.5,3,2,10,10,10.5,56.5
"GP","F","U","GT3","T","services","other","reputation","father",15,3,2.5,2,2.5,0,0,1,0.5,0.5,1,1,1,0,4,2.5,2.5,1,1.5,3,2,10,10,10.5,56.5
"GP","M","U","LE3","T","health","services","course","father",15,4,3.5,1.5,1.5,0,0,1,1,0.5,1,1,1,0,4.5,3.5,3,1,2.5,4,2,12,12,12.5,58.5
"GP","M","U","GT3","T","teacher","other","course","mother",15,4,3.5,1.5,1.5,0,0,1,1,0.5,1,1,1,0,4.5,3.5,3,1,2.5,4,2,12,12,12.5,58.5
"GP","M","U","GT3","A","other","other","home","other",15,3,2.5,1,2.5,0,0,0.5,0,0,1,1,1,0.5,4,4.5,1.5,1,1,2,0,13.5,15,15.5,39.5
"GP","F","U","GT3","T","health","other","home","mother",16,3,3,1,1.5,0,0,0.5,0,0,1,1,1,0,4,4,4,1,1.5,2.5,2,13,13,12.5,43.5
"GP","F","U","GT3","T","services","services","reputation","mother",16,3.5,3.5,2,2.5,0,0.5,1,0.5,1,1,1,0.5,0,4,2.5,2.5,1,1.5,3,5,10.5,12,12,51.5
"GP","F","U","GT3","T","other","other","reputation","mother",16,3.5,3.5,2,2.5,0,0.5,1,0.5,1,1,1,0.5,0,4,2.5,2.5,1,1.5,3,5,10.5,12,12,51.5
"GP","M","U","GT3","T","services","services","course","mother",17,2.5,1.5,1.5,1,3,0.5,1,0,1,1,0.5,1,0,4.5,5,3,1.5,2.5,4,9,7,6.5,7.5,46.5
"GP","M","U","LE3","T","health","other","home","father",16,4,2.5,1,1.5,0,0,0,0.5,1,1,1,1,0,3.5,3,2,1,3,5,3,11.5,12.5,13,48.5
"GP","M","U","GT3","T","teacher","other","reputation","mother",15,3,2.5,1,2.5,0,0,0.5,0,0,1,1,1,0.5,4,4.5,1.5,1,1,2,0,13.5,15,15.5,39.5
"GP","M","U","GT3","T","health","health","other","father",15,3,4,1,2,0,0.5,1,1,0.5,1,1,1,0,4.5,3.5,2,1,1,5,1,11,12,11.5,56.5
"GP","M","U","LE3","T","teacher","other","course","mother",16,4,2.5,1,1.5,0,0,0,0.5,1,1,1,1,0,3.5,3,2,1,3,5,3,11.5,12.5,13,48.5
"GP","M","U","LE3","T","other","other","reputation","mother",16,2,2,1.5,1.5,1,0,1,0.5,0.5,0.5,1,1,0,3,3,3,1.5,3.5,5,7,9.5,11,10,47
"GP","F","R","GT3","T","services","health","course","mother",15,3,4,1,2,0,0.5,1,1,0.5,1,1,1,0,4.5,3.5,2,1,1,5,1,11,12,11.5,56.5
"GP","F","U","GT3","T","services","services","home","mother",16,2,2,1.5,1.5,1,0,1,0.5,0.5,0.5,1,1,0,3,3,3,1.5,3.5,5,7,9.5,11,10,47
"GP","M","U","GT3","T","other","other","home","mother",15,3,2,1,1,0,0,0.5,1,0,1,1,1,0,3,2,3,1.5,3,3,3,13.5,14,13,54
"GP","M","U","GT3","T","health","services","other","mother",15,3,2,1,1,0,0,0.5,1,0,1,1,1,0,3,2,3,1.5,3,3,3,13.5,14,13,54
"GP","M","U","LE3","A","services","other","home","mother",16,3.5,4,1,2,0,0.5,1,0.5,1,1,1,1,0.5,4.5,3.5,4,3,3,5,10,10.5,11.5,11,62.5
"GP","M","U","GT3","T","teacher","teacher","home","mother",16,3.5,4,1,2,0,0.5,1,0.5,1,1,1,1,0.5,4.5,3.5,4,3,3,5,10,10.5,11.5,11,62.5
"GP","M","U","GT3","T","health","services","home","mother",15,4,4,1.5,2,0,0,1,0.5,0.5,0.5,1,1,0,4.5,3.5,1.5,2,2.5,5,0,13,13.5,14.5,60.5
"GP","M","U","GT3","T","services","services","reputation","mother",15,4,4,1.5,2,0,0,1,0.5,0.5,0.5,1,1,0,4.5,3.5,1.5,2,2.5,5,0,13,13.5,14.5,60.5
"GP","M","R","GT3","T","teacher","at_home","course","mother",15,3.5,3,1,2,0,0,0.5,0,1,0.5,1,1,0.5,4.5,4,2,1,1,3.5,0,12.5,13,14,45
"GP","M","U","LE3","T","other","other","course","mother",15,3.5,3,1,2,0,0,0.5,0,1,0.5,1,1,0.5,4.5,4,2,1,1,3.5,0,12.5,13,14,45
"GP","M","U","GT3","T","other","other","home","mother",16,3.5,3,1.5,2,0,0,1,0.5,0.5,0.5,1,1,0.5,3.5,4,3,1,1,5,3.5,13.5,15,15,52.5
"GP","F","U","GT3","T","other","other","other","father",15,3,3,1.5,2,0,0,1,0,1,1,1,0.5,0,4,4.5,2,1,1,4.5,1,11.5,11.5,12,54.5
"GP","M","U","LE3","T","teacher","services","home","mother",15,3,3,1.5,2,0,0,1,0,1,1,1,0.5,0,4,4.5,2,1,1,4.5,1,11.5,11.5,12,54.5
"GP","M","R","GT3","A","other","teacher","reputation","mother",16,3.5,3,1.5,2,0,0,1,0.5,0.5,0.5,1,1,0.5,3.5,4,3,1,1,5,3.5,13.5,15,15,52.5
"GP","F","R","GT3","T","services","health","course","mother",15,2.5,3,1,2,0,1,1,1,1,1,1,0.5,0,4,3,1.5,1,1,3.5,5,13,12.5,12,50
"GP","F","R","GT3","T","at_home","other","reputation","mother",15,2.5,3,1,2,0,1,1,1,1,1,1,0.5,0,4,3,1.5,1,1,3.5,5,13,12.5,12,50
"GP","F","U","LE3","T","other","other","home","mother",16,2,2,2,2,1,0.5,0.5,0,1,0.5,1,1,0.5,3.5,3,3,1.5,2,4,19.5,8.5,10,10,47.5
"GP","M","U","LE3","T","teacher","other","home","other",15,4,4,1,1.5,0,0,1,0,0.5,0.5,1,1,0.5,4.5,3.5,3,1.5,2.5,5,5,15.5,15,15,47
"GP","M","U","GT3","T","services","teacher","course","father",15,4,4,1,1.5,0,0,1,0,0.5,0.5,1,1,0.5,4.5,3.5,3,1.5,2.5,5,5,15.5,15,15,47
"GP","M","U","GT3","T","services","services","course","father",15,3,2.5,1,1.5,0,1,1,0.5,0.5,1,1,1,0.5,5,3,1.5,1,1,3,4,8,8,8.5,50
"GP","F","U","LE3","T","other","at_home","course","father",16,2,2,2,2,1,0.5,0.5,0,1,0.5,1,1,0.5,3.5,3,3,1.5,2,4,19.5,8.5,10,10,47.5
"GP","F","U","LE3","A","other","other","course","mother",15,3,2.5,1,1.5,0,1,1,0.5,0.5,1,1,1,0.5,5,3,1.5,1,1,3,4,8,8,8.5,50
"GP","F","U","LE3","A","other","services","home","mother",16,3.5,3,1,3,0,0,0.5,0,0.5,1,1,1,0,3,2.5,3.5,1,2.5,2.5,8,15,15.5,15.5,41.5
"GP","M","U","GT3","T","health","services","reputation","mother",16,3.5,3,1,3,0,0,0.5,0,0.5,1,1,1,0,3,2.5,3.5,1,2.5,2.5,8,15,15.5,15.5,41.5
"GP","M","U","GT3","T","teacher","other","home","mother",15,4,3,1,2,0.5,0.5,1,0.5,0.5,0.5,1,0.5,0,4,3.5,3.5,1.5,1.5,4,2,11,11,10.5,50
"GP","F","U","GT3","T","services","teacher","other","father",15,4,3,1,2,0.5,0.5,1,0.5,0.5,0.5,1,0.5,0,4,3.5,3.5,1.5,1.5,4,2,11,11,10.5,50
"GP","F","U","LE3","T","services","services","course","mother",16,2,1.5,2,2,0,0,0.5,1,0.5,1,1,1,0.5,4.5,3,3.5,1.5,2,3,5,10,11,11.5,50.5
"GP","F","U","LE3","T","health","other","other","mother",15,4,2,1.5,1.5,0.5,0,0.5,0.5,0,1,1,0.5,0,4.5,4,4,2,2.5,5,4,11,12,11.5,47
"GP","M","U","LE3","A","health","health","other","father",15,4,2,1.5,1.5,0.5,0,0.5,0.5,0,1,1,0.5,0,4.5,4,4,2,2.5,5,4,11,12,11.5,47
"GP","F","U","GT3","T","services","services","course","mother",15,3.5,3.5,1,1,0,0.5,0.5,1,0,1,1,1,0,4,3,4,3,3.5,3,3,9,11.5,12,45.5
"GP","F","U","LE3","A","other","other","other","mother",15,3.5,3.5,1,1,0,0.5,0.5,1,0,1,1,1,0,4,3,4,3,3.5,3,3,9,11.5,12,45.5
"GP","F","U","GT3","A","other","other","other","mother",16,2,1.5,2,2,0,0,0.5,1,0.5,1,1,1,0.5,4.5,3,3.5,1.5,2,3,5,10,11,11.5,50.5
"GP","F","U","GT3","A","services","services","reputation","mother",15,4,3.5,1,2,0,0,1,0.5,1,1,1,0.5,0,3.5,2.5,2,1,1,3,2,14,15,15,49
"GP","M","U","GT3","T","teacher","health","reputation","mother",15,4,3.5,1,2,0,0,1,0.5,1,1,1,0.5,0,3.5,2.5,2,1,1,3,2,14,15,15,49
"GP","M","U","LE3","T","other","at_home","home","father",15,2.5,2.5,1,2,0,1,0.5,0,1,1,1,1,0.5,4,3.5,3,1.5,2.5,3.5,1,9.5,10,9.5,50
"GP","F","U","GT3","T","services","other","course","mother",16,4,3,1,2,0,0,1,0,0.5,1,1,0.5,0,3,3,3.5,1.5,2,4.5,4,12.5,13.5,13.5,52
"GP","F","R","GT3","T","health","teacher","other","mother",16,4,3,1,2,0,0,1,0,0.5,1,1,0.5,0,3,3,3.5,1.5,2,4.5,4,12.5,13.5,13.5,52
"GP","F","U","GT3","T","services","services","course","father",16,1,1.5,2.5,1.5,0,1,0.5,0,1,0.5,1,1,0.5,4.5,4.5,4,3,3,3,5,9,9,10,46.5
"GP","F","U","LE3","T","other","services","reputation","father",16,1,1.5,2.5,1.5,0,1,0.5,0,1,0.5,1,1,0.5,4.5,4.5,4,3,3,3,5,9,9,10,46.5
"GP","F","U","GT3","T","teacher","health","home","mother",16,4,3,2,2.5,0,0.5,1,0.5,1,1,1,1,0,4,4,3.5,1.5,3,2.5,2,13,12,12,54
"GP","F","U","LE3","T","services","services","reputation","father",15,2.5,2.5,1,2,0,1,0.5,0,1,1,1,1,0.5,4,3.5,3,1.5,2.5,3.5,1,9.5,10,9.5,50
"GP","F","U","LE3","T","teacher","services","course","mother",16,4,3,2,2.5,0,0.5,1,0.5,1,1,1,1,0,4,4,3.5,1.5,3,2.5,2,13,12,12,54
"GP","M","U","GT3","A","other","services","reputation","mother",15,3,3,1.5,3,0,0.5,1,0.5,0.5,0.5,1,1,0.5,2.5,2,3,3,4,3.5,3,10.5,11,10,49.5
"GP","F","U","GT3","T","services","other","course","mother",16,3,1,1.5,4,0,0.5,1,1,0,1,1,1,0,4,3,2.5,1,1.5,5,2,10,11,10.5,45.5
"GP","F","R","LE3","T","health","services","reputation","mother",15,3,3,1.5,3,0,0.5,1,0.5,0.5,0.5,1,1,0.5,2.5,2,3,3,4,3.5,3,10.5,11,10,49.5
"GP","F","R","LE3","T","other","other","reputation","father",15,3.5,1.5,1.5,4,0,0,0.5,0,0,0.5,1,1,0,3.5,3.5,2.5,1.5,2,3,6,13,13,13,50
"GP","M","U","GT3","T","other","other","reputation","father",16,3,1,1.5,4,0,0.5,1,1,0,1,1,1,0,4,3,2.5,1,1.5,5,2,10,11,10.5,45.5
"GP","M","U","GT3","T","other","other","course","mother",15,3.5,1.5,1.5,4,0,0,0.5,0,0,0.5,1,1,0,3.5,3.5,2.5,1.5,2,3,6,13,13,13,50
"GP","F","R","GT3","T","other","other","reputation","mother",15,2.5,2,1,2,1,0.5,1,0.5,0.5,0.5,1,1,0.5,3.5,3,3.5,2,3.5,5,4,8.5,7.5,7.5,49
"GP","M","U","GT3","T","other","other","reputation","mother",16,3,2,1,1.5,0,0.5,0.5,0.5,1,1,1,0.5,0,4.5,3,2.5,2,3,5,28,11.5,12,12.5,54.5
"GP","F","U","GT3","T","other","services","home","mother",16,3,2,1,1.5,0,0.5,0.5,0.5,1,1,1,0.5,0,4.5,3,2.5,2,3,5,28,11.5,12,12.5,54.5
"GP","M","U","GT3","T","teacher","other","home","mother",15,2.5,2,1,2,1,0.5,1,0.5,0.5,0.5,1,1,0.5,3.5,3,3.5,2,3.5,5,4,8.5,7.5,7.5,49
"GP","M","U","GT3","T","teacher","other","course","mother",15,3,1.5,1.5,2.5,0,0.5,0.5,0.5,1,0.5,1,1,0.5,3,3,2.5,1,2,2,5,10.5,11.5,11,54
"GP","F","U","GT3","T","other","other","reputation","mother",16,2.5,3,1,3,0,0,0.5,0.5,0,1,1,1,0.5,3.5,3,3,1,2.5,3,6,8,8,8,52.5
"GP","M","U","GT3","T","other","other","home","mother",17,2.5,1.5,1.5,1,3,0.5,1,0,1,1,0.5,1,0,4.5,5,3,1.5,2.5,4,9,7,6.5,7.5,46.5
"GP","F","U","GT3","T","at_home","other","course","mother",16,2.5,3,1,3,0,0,0.5,0.5,0,1,1,1,0.5,3.5,3,3,1,2.5,3,6,8,8,8,52.5
"GP","M","U","GT3","T","other","services","course","father",15,3,1.5,1.5,2.5,0,0.5,0.5,0.5,1,0.5,1,1,0.5,3,3,2.5,1,2,2,5,10.5,11.5,11,54
"GP","M","U","GT3","T","other","other","home","mother",15,2.5,2.5,1,2.5,0,0.5,0.5,1,0,0.5,1,1,0,4.5,3.5,3,1,1.5,5,7,9,8,8.5,41.5
"GP","F","U","LE3","T","services","other","reputation","mother",15,2.5,2.5,1,2.5,0,0.5,0.5,1,0,0.5,1,1,0,4.5,3.5,3,1,1.5,5,7,9,8,8.5,41.5
"GP","M","U","LE3","T","services","services","home","mother",15,1.5,1.5,1.5,2,0,0,0.5,0.5,1,0.5,1,1,0,4.5,3,2.5,1.5,3,4,3,12,12.5,12.5,46
"GP","F","U","GT3","T","other","other","home","father",15,1.5,1.5,1.5,2,0,0,0.5,0.5,1,0.5,1,1,0,4.5,3,2.5,1.5,3,4,3,12,12.5,12.5,46
"GP","F","U","GT3","T","services","services","reputation","father",15,4,3,1.5,2.5,1,0,0.5,0.5,0.5,1,1,1,0.5,4.5,3.5,3.5,1.5,3,3,5,10,11.5,11,51
"GP","F","U","LE3","T","at_home","other","course","mother",16,2,2,1.5,2,0.5,0,0.5,0.5,0.5,0.5,1,0.5,0,4,3.5,3,1,1.5,2.5,8,9.5,8.5,8,51.5
"GP","F","U","GT3","T","other","other","reputation","mother",15,4,3,1.5,2.5,1,0,0.5,0.5,0.5,1,1,1,0.5,4.5,3.5,3.5,1.5,3,3,5,10,11.5,11,51
"GP","M","U","GT3","T","services","other","reputation","father",16,2,2,1.5,2,0.5,0,0.5,0.5,0.5,0.5,1,0.5,0,4,3.5,3,1,1.5,2.5,8,9.5,8.5,8,51.5
"GP","M","U","LE3","A","teacher","health","reputation","mother",16,3.5,3.5,1,2.5,0,0,1,0.5,0,1,1,0.5,0.5,4,2,3,2,4,4.5,9,7.5,6.5,7.5,61
"GP","F","U","GT3","T","other","other","home","mother",16,3.5,3.5,1,2.5,0,0,1,0.5,0,1,1,0.5,0.5,4,2,3,2,4,4.5,9,7.5,6.5,7.5,61
"GP","F","U","GT3","T","services","other","reputation","mother",15,3,2.5,1,2.5,0,0,0.5,0.5,1,1,1,1,0,4,4,4.5,1,2,2.5,5,13.5,15,16,54.5
"GP","F","U","LE3","T","other","other","home","father",16,3.5,1.5,1.5,2,0,0.5,1,0.5,0.5,1,1,0.5,0,4,3,3,1.5,2,1.5,2,9,8,8,48
"GP","F","U","GT3","T","teacher","services","home","mother",16,3.5,1.5,1.5,2,0,0.5,1,0.5,0.5,1,1,0.5,0,4,3,3,1.5,2,1.5,2,9,8,8,48
"GP","M","U","LE3","T","services","health","reputation","mother",15,3,2.5,1,2.5,0,0,0.5,0.5,1,1,1,1,0,4,4,4.5,1,2,2.5,5,13.5,15,16,54.5
"GP","F","R","GT3","T","at_home","other","home","mother",15,2.5,2.5,1.5,2.5,0.5,0.5,1,0.5,1,0.5,1,1,0,4,2,2.5,1,1,3,3,8.5,11.5,12,54.5
"GP","M","R","GT3","T","services","other","reputation","mother",16,3,2,1.5,1.5,0,0.5,1,0.5,0.5,0.5,1,0.5,0.5,3.5,3,4,1,1,4.5,2,9.5,12,12.5,53
"GP","F","U","GT3","T","other","other","course","mother",16,3,2,1.5,1.5,0,0.5,1,0.5,0.5,0.5,1,0.5,0.5,3.5,3,4,1,1,4.5,2,9.5,12,12.5,53
"GP","F","U","GT3","T","other","other","reputation","mother",16,4,3.5,1,2,0,0.5,0.5,0.5,0.5,0.5,1,1,0,5,3,4.5,1,1.5,2,3,9,11.5,11,48
"GP","F","U","GT3","T","other","at_home","course","mother",16,4,3.5,1,2,0,0.5,0.5,0.5,0.5,0.5,1,1,0,5,3,4.5,1,1.5,2,3,9,11.5,11,48
"GP","M","U","GT3","T","services","services","other","mother",16,4,4,1,2,0,0.5,1,0.5,1,1,1,1,0.5,4,4.5,4,3,3,4,7,11.5,12,11,39
"GP","M","U","GT3","T","services","teacher","other","father",16,4,4,1,2,0,0.5,1,0.5,1,1,1,1,0.5,4,4.5,4,3,3,4,7,11.5,12,11,39
"GP","M","U","GT3","T","services","other","course","mother",15,2.5,2.5,1.5,2.5,0.5,0.5,1,0.5,1,0.5,1,1,0,4,2,2.5,1,1,3,3,8.5,11.5,12,54.5
"GP","F","U","GT3","T","services","other","home","mother",15,3,3,1.5,2,0,0.5,1,1,0.5,1,1,1,0,4.5,3.5,4.5,1,1,1.5,13,11.5,12,12,46.5
"GP","M","U","GT3","A","services","other","course","mother",15,3,3,1.5,2,0,0.5,1,1,0.5,1,1,1,0,4.5,3.5,4.5,1,1,1.5,13,11.5,12,12,46.5
"GP","F","U","GT3","A","other","health","reputation","father",15,2.5,2.5,1,4,0,1,0.5,0.5,0,1,1,0.5,0,4.5,2,2.5,1,1,3.5,9,8.5,9.5,9.5,36
"GP","F","U","GT3","T","other","other","course","mother",15,2.5,2.5,1,4,0,1,0.5,0.5,0,1,1,0.5,0,4.5,2,2.5,1,1,3.5,9,8.5,9.5,9.5,36
"GP","M","U","GT3","T","services","other","home","father",16,3.5,3.5,1,3,0,0,1,0.5,1,1,1,1,0.5,5,3.5,4,1,1,4.5,3,15,16.5,17,44.5
"GP","M","R","GT3","T","other","other","home","father",15,4,4,2.5,2.5,0,0,0.5,0.5,1,1,1,1,0.5,3,4,4,2,3,2.5,6,14,16,16,51
"GP","F","U","LE3","T","health","health","other","mother",16,3.5,3.5,1,3,0,0,1,0.5,1,1,1,1,0.5,5,3.5,4,1,1,4.5,3,15,16.5,17,44.5
"GP","M","U","LE3","A","teacher","teacher","course","mother",15,4,4,2.5,2.5,0,0,0.5,0.5,1,1,1,1,0.5,3,4,4,2,3,2.5,6,14,16,16,51
"GP","F","R","GT3","T","services","other","reputation","father",16,2.5,2.5,1,2.5,1,1,0.5,0,1,1,1,1,0,3.5,1,2,1,1,3.5,3,8.5,11.5,11.5,46.5
"GP","F","U","GT3","T","at_home","other","home","mother",16,2.5,2.5,1,2.5,1,1,0.5,0,1,1,1,1,0,3.5,1,2,1,1,3.5,3,8.5,11.5,11.5,46.5
"GP","M","U","LE3","T","teacher","other","course","mother",15,3,1.5,1,1.5,0,0,0,0,0.5,1,1,1,0.5,4,4.5,2,1,1,4,9,13.5,14,14,56.5
"GP","M","R","GT3","T","health","services","reputation","mother",15,3,1.5,1,1.5,0,0,0,0,0.5,1,1,1,0.5,4,4.5,2,1,1,4,9,13.5,14,14,56.5
"GP","M","U","GT3","T","teacher","teacher","course","father",16,3.5,3.5,1.5,1.5,0,0,0.5,0,1,1,1,1,0,5,4,3,1,1.5,5,1,14,14.5,14.5,44
"GP","M","U","GT3","T","other","teacher","reputation","father",15,3.5,4,1.5,1.5,0,0,0.5,0,0.5,1,1,0.5,0,3.5,4,3,1,1.5,3,4,12.5,13,13.5,45.5
"GP","M","U","GT3","T","other","services","home","father",16,3.5,3.5,1.5,1.5,0,0,0.5,0,1,1,1,1,0,5,4,3,1,1.5,5,1,14,14.5,14.5,44
"GP","M","R","GT3","T","other","other","course","father",17,1.5,2.5,2,1.5,0.5,0,1,0,0.5,1,1,1,0.5,4,3,4,1,3.5,5,16,9.5,10,10,54
"GP","M","U","GT3","T","other","other","reputation","father",15,3.5,4,1.5,1.5,0,0,0.5,0,0.5,1,1,0.5,0,3.5,4,3,1,1.5,3,4,12.5,13,13.5,45.5
"GP","F","U","GT3","T","at_home","services","course","mother",15,1.5,2,1,3,0,0,0.5,0.5,0.5,0.5,1,1,0,4,3.5,3.5,1,2,3,4,16,14.5,15,45
"GP","M","U","GT3","T","services","services","home","father",15,1.5,2,1,3,0,0,0.5,0.5,0.5,0.5,1,1,0,4,3.5,3.5,1,2,3,4,16,14.5,15,45
"GP","F","U","LE3","T","other","health","course","father",16,3,4,1.5,1.5,0,0,1,0.5,1,1,1,1,0.5,3.5,3,3,1,3,5,10,13.5,12,13,52
"GP","M","U","GT3","T","health","other","course","mother",16,3,4,1.5,1.5,0,0,1,0.5,1,1,1,1,0.5,3.5,3,3,1,3,5,10,13.5,12,13,52
"GP","F","U","GT3","T","other","other","home","mother",16,3,3,1,1.5,0,0,0,1,0.5,1,1,1,0.5,4,4.5,4.5,1.5,3,4.5,4,13,12.5,13,51
"GP","M","U","GT3","T","services","services","home","father",15,3,4,1,1.5,0,1,0,0,0.5,1,1,1,0.5,5,4,3.5,2,1.5,3,0,10,11.5,11.5,46.5
"GP","F","U","LE3","A","other","other","home","mother",15,3,4,1,1.5,0,1,0,0,0.5,1,1,1,0.5,5,4,3.5,2,1.5,3,0,10,11.5,11.5,46.5
"GP","F","U","GT3","T","at_home","other","course","other",19,1.5,1.5,1,1.5,3,0,1,0,0,0.5,0,0.5,0.5,3.5,4.5,3,1,1,4.5,1,6,4,4.5,46.5
"GP","M","R","GT3","T","services","other","reputation","mother",18,3,3,1.5,1.5,1,0.5,0.5,0,0.5,1,1,0.5,0,3.5,3,3.5,1,1.5,3.5,3,6,5,3,47
"GP","M","R","GT3","T","teacher","teacher","course","mother",16,3,3,1,1.5,0,0,0,1,0.5,1,1,1,0.5,4,4.5,4.5,1.5,3,4.5,4,13,12.5,13,51
"GP","F","R","GT3","T","services","teacher","course","father",15,2,2.5,2.5,2,1,0,1,0,0.5,0.5,1,1,1,4,2.5,2.5,1.5,2,4.5,0,10,0,0,57
"GP","F","U","GT3","T","at_home","other","course","mother",15,2,2.5,2.5,2,1,0,1,0,0.5,0.5,1,1,1,4,2.5,2.5,1.5,2,4.5,0,10,0,0,57
"GP","F","U","LE3","T","other","other","course","father",17,1.5,2.5,2,1.5,0.5,0,1,0,0.5,1,1,1,0.5,4,3,4,1,3.5,5,16,9.5,10,10,54
"GP","F","U","GT3","A","services","other","course","father",16,3,3.5,1.5,1,1,0,0.5,0,0.5,0.5,1,1,0.5,3.5,2.5,1.5,1,2.5,5,8,8,5.5,5.5,56.5
"GP","M","R","GT3","T","at_home","teacher","course","mother",15,3.5,4,2.5,2.5,0,0,1,0,0.5,1,1,0.5,1,4.5,3,3,1,1,5,0,10,0,0,51
"GP","F","U","GT3","T","services","at_home","course","mother",15,3.5,4,2.5,2.5,0,0,1,0,0.5,1,1,0.5,1,4.5,3,3,1,1,5,0,10,0,0,51
"GP","M","R","GT3","T","at_home","other","course","mother",17,2.5,2.5,2,1.5,1.5,0,0.5,0,0,1,1,0.5,0,5,4,5,1.5,3,5,0,7.5,0,0,50.5
"GP","F","U","GT3","A","other","other","course","other",16,3,3.5,1.5,1,1,0,0.5,0,0.5,0.5,1,1,0.5,3.5,2.5,1.5,1,2.5,5,8,8,5.5,5.5,56.5
"GP","M","U","LE3","T","services","other","course","mother",16,1.5,1.5,1.5,1.5,1.5,0,0.5,0,0.5,1,1,0.5,0.5,3,3.5,3.5,1.5,2.5,3.5,4,11.5,10.5,10.5,45.5
"GP","F","U","GT3","T","teacher","teacher","course","mother",15,4,3.5,2,2.5,0,0.5,0.5,0,0.5,1,1,1,0,3,2.5,2,1,1,4,0,11.5,12.5,7.5,49
"GP","M","U","GT3","T","teacher","services","course","father",15,4,3.5,2,2.5,0,0.5,0.5,0,0.5,1,1,1,0,3,2.5,2,1,1,4,0,11.5,12.5,7.5,49
"GP","M","U","LE3","T","services","services","reputation","father",16,1.5,1.5,1.5,1.5,1.5,0,0.5,0,0.5,1,1,0.5,0.5,3,3.5,3.5,1.5,2.5,3.5,4,11.5,10.5,10.5,45.5
"GP","F","U","GT3","T","teacher","services","course","mother",15,2.5,2.5,1,2.5,0,0,1,1,0.5,1,1,1,0,4,3,2,1,1.5,5,1,8.5,11,11,51
"GP","F","U","LE3","T","at_home","at_home","course","mother",16,2.5,2.5,1,1,0,0,0.5,0,0,1,0.5,1,0.5,3,3.5,3,2.5,2,3,1,10.5,10,6.5,43
"GP","M","U","GT3","T","other","other","home","mother",17,2.5,2.5,2,1.5,1.5,0,0.5,0,0,1,1,0.5,0,5,4,5,1.5,3,5,0,7.5,0,0,50.5
"GP","F","U","GT3","T","other","services","course","father",15,2.5,2.5,1,2.5,0,0,1,1,0.5,1,1,1,0,4,3,2,1,1.5,5,1,8.5,11,11,51
"GP","F","U","GT3","T","health","services","home","father",15,2,2,1,2,1.5,0,1,0.5,0,0.5,1,1,0,3.5,3,2,1,1,4,1,8,9,5.5,50
"GP","F","U","GT3","T","at_home","other","course","mother",15,2,2,1,2,1.5,0,1,0.5,0,0.5,1,1,0,3.5,3,2,1,1,4,1,8,9,5.5,50
"GP","M","U","GT3","T","teacher","teacher","course","mother",16,2.5,2.5,1,1,0,0,0.5,0,0,1,0.5,1,0.5,3,3.5,3,2.5,2,3,1,10.5,10,6.5,43
"GP","M","U","LE3","A","services","other","course","mother",15,2.5,2,3,2,2.5,0,0.5,0.5,0.5,1,1,1,0.5,4,3.5,3,2,4,4,4,9,9.5,10,55
"GP","M","U","LE3","T","other","other","course","mother",18,1,1,2,1,3,0,0.5,0,0.5,0.5,0.5,0.5,0.5,3.5,2.5,5,1.5,5,4,3,7.5,6.5,5,51.5
"GP","M","U","LE3","T","at_home","other","course","mother",16,2,1.5,2,1,0.5,0,0,0,0.5,0.5,1,0,0.5,4,3,3,2,3.5,4,4,14.5,14,14.5,43
"GP","F","R","GT3","T","services","services","reputation","other",15,2.5,2,3,2,2.5,0,0.5,0.5,0.5,1,1,1,0.5,4,3.5,3,2,4,4,4,9,9.5,10,55
"GP","M","U","GT3","T","services","at_home","home","mother",19,1.5,1.5,1,1.5,3,0,1,0,0,0.5,0,0.5,0.5,3.5,4.5,3,1,1,4.5,1,6,4,4.5,46.5
"GP","F","U","GT3","T","other","teacher","course","mother",17,2.5,3,1,1,0,0.5,0.5,0,0,1,1,0,0.5,3,2,1.5,2,2,4.5,4,13.5,11.5,12.5,44.5
"GP","M","R","GT3","T","at_home","services","course","mother",15,2.5,2.5,1.5,2,1,1,0.5,0.5,0.5,1,1,0.5,0.5,4,4,4,1,2.5,2,4,8,8.5,7.5,53
"GP","M","R","LE3","T","other","other","reputation","mother",17,2.5,3,1,1,0,0.5,0.5,0,0,1,1,0,0.5,3,2,1.5,2,2,4.5,4,13.5,11.5,12.5,44.5
"GP","F","R","GT3","T","at_home","other","course","mother",18,1,1,2,1,3,0,0.5,0,0.5,0.5,0.5,0.5,0.5,3.5,2.5,5,1.5,5,4,3,7.5,6.5,5,51.5
"GP","M","R","GT3","T","at_home","other","course","mother",16,2,1.5,2,1,0.5,0,0,0,0.5,0.5,1,0,0.5,4,3,3,2,3.5,4,4,14.5,14,14.5,43
"GP","M","U","GT3","T","other","services","course","father",16,2,2.5,1.5,1.5,1,0,0.5,0.5,0.5,1,1,0.5,0.5,4,4.5,4.5,3,4,5,2,8.5,6,6,49.5
"GP","M","R","LE3","T","at_home","other","course","mother",17,1.5,2,1.5,1,1,0,0,0,0.5,1,0,1,0.5,4,3,2.5,1.5,3,3.5,1,8.5,8,5,48
"GP","M","R","GT3","T","other","other","course","mother",15,2.5,2.5,1.5,2,1,1,0.5,0.5,0.5,1,1,0.5,0.5,4,4,4,1,2.5,2,4,8,8.5,7.5,53
"GP","M","U","LE3","T","other","other","course","mother",16,2,2.5,1.5,1.5,1,0,0.5,0.5,0.5,1,1,0.5,0.5,4,4.5,4.5,3,4,5,2,8.5,6,6,49.5
"GP","M","U","GT3","T","at_home","services","course","father",17,1.5,2,1.5,1,1,0,0,0,0.5,1,0,1,0.5,4,3,2.5,1.5,3,3.5,1,8.5,8,5,48
"GP","M","R","LE3","T","other","services","course","mother",17,2.5,2.5,2.5,2,1.5,0,0.5,0.5,1,1,0.5,0.5,0.5,4.5,3.5,4.5,1,4,5,0,9,9.5,8.5,53
"GP","M","U","GT3","T","services","services","course","mother",16,2.5,2,1.5,1.5,0.5,0,0.5,0,0.5,0.5,0,0.5,0,4,4,3.5,1.5,2.5,3,10,11,10.5,11,58
"GP","M","U","GT3","T","other","other","course","father",16,2.5,2,1.5,1.5,0.5,0,0.5,0,0.5,0.5,0,0.5,0,4,4,3.5,1.5,2.5,3,10,11,10.5,11,58
"GP","F","U","GT3","T","health","services","home","father",16,3,2,1,2,0,0,0.5,1,0,0.5,1,1,0.5,4.5,1.5,4,1,1,3.5,0,10,11,8,48
"GP","F","U","GT3","T","other","other","home","mother",16,3,2,1,2,0,0,0.5,1,0,0.5,1,1,0.5,4.5,1.5,4,1,1,3.5,0,10,11,8,48
"GP","F","U","GT3","T","health","health","reputation","mother",16,3.5,4,2,1.5,1,0,1,0.5,0.5,0.5,1,1,0.5,3.5,4,3.5,1.5,2.5,2.5,0,10,9.5,7,48.5
"GP","M","U","GT3","T","other","other","course","father",16,3.5,4,2,1.5,1,0,1,0.5,0.5,0.5,1,1,0.5,3.5,4,3.5,1.5,2.5,2.5,0,10,9.5,7,48.5
"GP","M","U","GT3","T","other","other","reputation","mother",16,1,1.5,1.5,2,1.5,0,0.5,0.5,1,0.5,1,1,1,4,3,3.5,1,1,3,1,10.5,11,8,59.5
"GP","M","U","LE3","T","teacher","other","reputation","mother",17,2.5,2.5,2.5,2,1.5,0,0.5,0.5,1,1,0.5,0.5,0.5,4.5,3.5,4.5,1,4,5,0,9,9.5,8.5,53
"GP","F","U","GT3","T","at_home","services","home","mother",16,1,1.5,1.5,2,1.5,0,0.5,0.5,1,0.5,1,1,1,4,3,3.5,1,1,3,1,10.5,11,8,59.5
"GP","F","U","LE3","T","other","other","reputation","mother",16,2.5,2.5,2,2,0,0,0.5,1,1,0.5,1,1,0,3.5,4,4.5,1,2.5,4.5,3,11.5,12,10,50
"GP","M","U","LE3","T","teacher","other","course","mother",17,3.5,3,1.5,2,0,0,0,0.5,1,0.5,1,1,0,4,3.5,4,2.5,4,4,4,8,7,7.5,47
"GP","F","U","GT3","T","services","other","reputation","mother",16,2.5,2.5,2,2,0,0,0.5,1,1,0.5,1,1,0,3.5,4,4.5,1,2.5,4.5,3,11.5,12,10,50
"GP","M","U","GT3","T","other","other","reputation","father",17,3.5,3,1.5,2,0,0,0,0.5,1,0.5,1,1,0,4,3.5,4,2.5,4,4,4,8,7,7.5,47
"GP","M","R","GT3","T","teacher","services","other","mother",16,4,2.5,1,1.5,0,0,1,0.5,1,1,1,1,0.5,3.5,3.5,3,2.5,3.5,3,10,9.5,8,8.5,59
"GP","M","U","GT3","T","other","other","course","mother",17,3,3.5,1,2,0,0,1,0,1,1,1,0.5,0.5,5,3,2.5,1.5,2,3.5,2,13,13.5,14,42
"GP","M","U","GT3","T","teacher","other","home","mother",16,4,2.5,1,1.5,0,0,1,0.5,1,1,1,1,0.5,3.5,3.5,3,2.5,3.5,3,10,9.5,8,8.5,59
"GP","M","U","GT3","T","services","other","home","mother",16,3,2.5,1,2,0,0,0.5,1,0.5,1,1,1,0.5,2.5,2,2.5,1,2,2,8,12,13,12,62.5
"GP","F","U","GT3","T","services","services","reputation","father",17,3,3.5,1,2,0,0,1,0,1,1,1,0.5,0.5,5,3,2.5,1.5,2,3.5,2,13,13.5,14,42
"GP","F","U","LE3","T","other","other","reputation","mother",17,3,3,1,2,0,0,1,0,1,1,1,1,1,4.5,3,3.5,2,3,2.5,34,10.5,10.5,9.5,53.5
"GP","F","U","GT3","T","other","other","reputation","mother",16,3,2.5,1,2,0,0,0.5,1,0.5,1,1,1,0.5,2.5,2,2.5,1,2,2,8,12,13,12,62.5
"GP","M","U","GT3","T","services","services","other","mother",17,3,3,1,2,0,0,1,0,1,1,1,1,1,4.5,3,3.5,2,3,2.5,34,10.5,10.5,9.5,53.5
"GP","M","U","GT3","T","services","services","other","mother",16,1.5,1.5,1,1.5,0,0,0.5,1,1,1,1,1,1,3.5,2.5,3,1,2,4,1,13,13.5,13,43.5
"GP","M","U","LE3","T","other","other","course","mother",16,1.5,1.5,1,1.5,0,0,0.5,1,1,1,1,1,1,3.5,2.5,3,1,2,4,1,13,13.5,13,43.5
"GP","F","U","GT3","A","health","other","reputation","mother",17,2,2.5,1,2,0,0,0.5,0,0,0.5,1,0.5,0.5,3,2,3,1,4,3,5,8,8,9.5,47
"GP","M","R","GT3","T","at_home","other","home","mother",17,2,2.5,1,2,0,0,0.5,0,0,0.5,1,0.5,0.5,3,2,3,1,4,3,5,8,8,9.5,47
"GP","F","U","GT3","T","services","services","course","mother",16,2.5,3,1,1.5,0,0,0.5,0,0.5,1,1,1,0,4,3,2.5,2,2.5,3.5,9,9.5,10.5,11.5,49.5
"GP","F","U","GT3","T","at_home","services","course","mother",17,1,1.5,1.5,2,0,0,0,0.5,1,0.5,1,1,0,4.5,3.5,3.5,2.5,3,4,6,7.5,8,8.5,46.5
"GP","M","U","GT3","T","at_home","services","other","other",17,1,1.5,1.5,2,0,0,0,0.5,1,0.5,1,1,0,4.5,3.5,3.5,2.5,3,4,6,7.5,8,8.5,46.5
"GP","M","R","GT3","T","services","services","reputation","mother",16,2.5,3,1,1.5,0,0,0.5,0,0.5,1,1,1,0,4,3,2.5,2,2.5,3.5,9,9.5,10.5,11.5,49.5
"GP","M","U","GT3","T","other","other","home","father",16,2.5,3,2.5,1,0,0,0.5,0.5,0.5,1,1,1,0,4,3,3.5,2,3,3,4,11,11.5,12,54
"GP","F","U","LE3","T","services","services","course","father",17,3,4,1,1.5,0,0,0,0,0.5,1,1,1,0.5,4.5,2.5,2.5,1,1.5,5,2,15.5,15,15.5,49
"GP","M","U","GT3","T","services","teacher","home","mother",17,3,4,1,1.5,0,0,0,0,0.5,1,1,1,0.5,4.5,2.5,2.5,1,1.5,5,2,15.5,15,15.5,49
"GP","M","R","LE3","T","teacher","other","home","father",16,2.5,3,2.5,1,0,0,0.5,0.5,0.5,1,1,1,0,4,3,3.5,2,3,3,4,11,11.5,12,54
"GP","F","U","GT3","T","services","teacher","home","mother",17,2.5,2.5,1.5,1.5,0.5,0,1,0.5,0,0.5,1,0.5,0,4,3,4,1.5,3,1.5,14,13.5,13.5,14,49.5
"GP","F","U","LE3","T","teacher","teacher","reputation","mother",16,4,3.5,1,2,0,0,1,0.5,0.5,1,1,1,0,4,4,3.5,1,3.5,2.5,1,12.5,12.5,13,47.5
"GP","F","U","GT3","T","health","other","home","mother",16,4,3.5,1,2,0,0,1,0.5,0.5,1,1,1,0,4,4,3.5,1,3.5,2.5,1,12.5,12.5,13,47.5
"GP","F","U","GT3","T","other","other","reputation","mother",16,2,2.5,1.5,3,0,0.5,1,1,1,0.5,1,0.5,0,4.5,3.5,4,1,2,4.5,6,9,10,10.5,46.5
"GP","F","U","GT3","T","other","other","course","mother",17,2.5,2.5,1.5,1.5,0.5,0,1,0.5,0,0.5,1,0.5,0,4,3,4,1.5,3,1.5,14,13.5,13.5,14,49.5
"GP","F","R","GT3","T","other","other","reputation","mother",17,2.5,3,1,2,0.5,0,1,0.5,0,1,1,1,0.5,4.5,3.5,2.5,2,3,4,23,8.5,7.5,7.5,41.5
"GP","F","R","GT3","T","services","services","reputation","mother",16,2,2.5,1.5,3,0,0.5,1,1,1,0.5,1,0.5,0,4.5,3.5,4,1,2,4.5,6,9,10,10.5,46.5
"GP","F","U","GT3","T","at_home","services","home","mother",17,2.5,3,1,2,0.5,0,1,0.5,0,1,1,1,0.5,4.5,3.5,2.5,2,3,4,23,8.5,7.5,7.5,41.5
"GP","F","U","GT3","A","services","other","course","mother",16,3.5,2,1,2,1.5,0,0.5,1,0.5,1,1,1,0.5,1.5,3,2.5,1.5,1.5,2.5,7.5,9,9.5,10,54
"GP","F","U","GT3","T","teacher","other","other","mother",16,3.5,2,1,2,1.5,0,0.5,1,0.5,1,1,1,0.5,1.5,3,2.5,1.5,1.5,2.5,7.5,9,9.5,10,54
"GP","F","U","GT3","T","at_home","other","home","mother",16,1.5,1.5,1.5,1.5,0,0.5,1,1,0,1,1,0.5,0,3.5,3,3,1,2.5,4.5,3,10.5,11,12,51
"GP","F","R","GT3","T","teacher","other","reputation","mother",17,4,3.5,1.5,2.5,0,0,1,1,0.5,1,1,1,1,4.5,3.5,3.5,2.5,3,3.5,9.5,9.5,9.5,10,48.5
"GP","F","U","GT3","T","other","other","reputation","other",19,3.5,3,1,3,0,0,1,0.5,0.5,1,1,1,0,4,3,2,1,1.5,2,11,9.5,9.5,9.5,59.5
"GP","M","U","LE3","T","services","other","home","mother",17,4,3.5,1.5,2.5,0,0,1,1,0.5,1,1,1,1,4.5,3.5,3.5,2.5,3,3.5,9.5,9.5,9.5,10,48.5
"GP","F","U","GT3","A","other","other","reputation","mother",16,1.5,1.5,1.5,1.5,0,0.5,1,1,0,1,1,0.5,0,3.5,3,3,1,2.5,4.5,3,10.5,11,12,51
"GP","M","U","GT3","T","services","other","home","mother",18,2.5,2.5,1,2,1,0,1,1,0.5,1,1,1,0,3.5,3,4,2,4,4.5,14,6,6.5,8,48
"GP","F","R","LE3","T","services","other","other","mother",17,3.5,3,1.5,1.5,0,0,0.5,1,0,1,1,0.5,0,4.5,3,2.5,1,2.5,2,7,11,12.5,12.5,46.5
"GP","F","U","LE3","T","other","other","reputation","mother",17,3.5,3,1.5,1.5,0,0,0.5,1,0,1,1,0.5,0,4.5,3,2.5,1,2.5,2,7,11,12.5,12.5,46.5
"GP","F","U","GT3","T","other","other","reputation","mother",17,3,3,1.5,1.5,1,0,0.5,1,0,1,1,0.5,0.5,3,3.5,4,1.5,4,2,12.5,6.5,6.5,6,39.5
"GP","M","U","LE3","T","services","health","home","father",18,2.5,2.5,1,2,1,0,1,1,0.5,1,1,1,0,3.5,3,4,2,4,4.5,14,6,6.5,8,48
"GP","F","U","GT3","T","at_home","other","home","father",17,3,3,1.5,1.5,1,0,0.5,1,0,1,1,0.5,0.5,3,3.5,4,1.5,4,2,12.5,6.5,6.5,6,39.5
"GP","F","U","GT3","T","at_home","at_home","course","mother",17,2,1.5,1.5,2.5,0,0,1,0.5,1,1,1,1,0,4,2.5,4,1,1.5,4.5,3,7.5,8,8,53
"GP","F","R","GT3","T","at_home","services","reputation","mother",17,2,1.5,1.5,2.5,0,0,1,0.5,1,1,1,1,0,4,2.5,4,1,1.5,4.5,3,7.5,8,8,53
"GP","F","U","GT3","T","at_home","other","reputation","mother",17,2,1.5,1,2.5,0.5,0,0.5,0,1,0.5,1,0.5,0.5,4.5,3,4,1,2,4,5,11,10,7.5,43.5
"GP","F","U","GT3","T","services","teacher","other","mother",16,3,3.5,1,2.5,0,0.5,0.5,0,0.5,0.5,1,1,0,3.5,3,1.5,1,1,4,1,14.5,14.5,15.5,48.5
"GP","M","U","GT3","T","other","other","home","mother",18,2.5,1.5,1.5,2,0.5,0,0.5,0.5,0.5,1,1,1,0.5,4,3,3,3,3,4,8,10.5,10.5,10,49.5
"GP","F","U","GT3","T","teacher","services","home","mother",16,3,3.5,1,2.5,0,0.5,0.5,0,0.5,0.5,1,1,0,3.5,3,1.5,1,1,4,1,14.5,14.5,15.5,48.5
"GP","F","R","GT3","T","other","other","reputation","mother",18,2.5,1.5,1.5,2,0.5,0,0.5,0.5,0.5,1,1,1,0.5,4,3,3,3,3,4,8,10.5,10.5,10,49.5
"GP","F","U","GT3","T","other","other","course","mother",17,2,1.5,1,2.5,0.5,0,0.5,0,1,0.5,1,0.5,0.5,4.5,3,4,1,2,4,5,11,10,7.5,43.5
"GP","M","U","LE3","T","services","services","reputation","father",17,2,2,1.5,2.5,0,0,0.5,0.5,0.5,0.5,1,1,0.5,4,2.5,3,1,2.5,3,6,12,10.5,12,51.5
"GP","M","U","LE3","T","at_home","other","course","mother",18,2,1.5,2.5,2,0.5,0.5,0.5,0.5,0.5,1,0.5,1,0.5,4.5,4,3,3.5,5,2.5,7,8.5,7.5,4.5,54
"GP","F","U","GT3","A","other","other","course","mother",17,2,2,1.5,2.5,0,0,0.5,0.5,0.5,0.5,1,1,0.5,4,2.5,3,1,2.5,3,6,12,10.5,12,51.5
"GP","F","U","LE3","T","health","other","reputation","father",17,3,2.5,1.5,2,0,0,0.5,0.5,1,1,1,1,0.5,3.5,3.5,2.5,1,1.5,2,9,12,12,12.5,43.5
"GP","M","R","GT3","T","other","other","course","father",17,3,2.5,1.5,2,0,0,0.5,0.5,1,1,1,1,0.5,3.5,3.5,2.5,1,1.5,2,9,12,12,12.5,43.5
"GP","M","U","GT3","T","teacher","teacher","reputation","mother",17,3,3,1,2,0,0.5,0.5,0.5,1,0.5,1,1,1,4,4.5,3.5,3,4,3,9,12.5,11,11,52.5
"GP","M","U","GT3","T","health","other","reputation","father",16,2.5,2.5,1.5,2,0,0,1,1,0.5,1,1,1,0,3.5,3,3,1.5,2.5,3,10,11.5,10,9.5,53
"GP","M","U","LE3","T","other","other","home","mother",16,2.5,2.5,1.5,2,0,0,1,1,0.5,1,1,1,0,3.5,3,3,1.5,2.5,3,10,11.5,10,9.5,53
"GP","M","U","GT3","T","at_home","other","reputation","mother",16,2.5,1.5,1.5,2,0,0,0,0,0.5,1,1,1,1,4.5,4,2.5,1,2,3.5,15,12,10.5,11,49
"GP","M","U","LE3","T","other","other","home","father",17,3,3,1,2,0,0.5,0.5,0.5,1,0.5,1,1,1,4,4.5,3.5,3,4,3,9,12.5,11,11,52.5
"GP","F","U","GT3","T","other","other","home","mother",16,2.5,1.5,1.5,2,0,0,0,0,0.5,1,1,1,1,4.5,4,2.5,1,2,3.5,15,12,10.5,11,49
"GP","F","R","GT3","T","at_home","services","course","mother",17,3,2,2.5,2,0,0,0,0,1,1,1,0.5,0.5,2,3,3,1,2.5,4,8,12.5,11.5,11.5,54.5
"GP","M","U","GT3","T","other","services","reputation","father",18,2,1.5,2.5,2,0.5,0.5,0.5,0.5,0.5,1,0.5,1,0.5,4.5,4,3,3.5,5,2.5,7,8.5,7.5,4.5,54
"GP","M","U","LE3","T","health","other","course","mother",17,3,2,2.5,2,0,0,0,0,1,1,1,0.5,0.5,2,3,3,1,2.5,4,8,12.5,11.5,11.5,54.5
"GP","M","R","LE3","A","teacher","other","course","mother",17,3,3.5,2,1.5,0,0,0.5,0.5,0,1,1,1,0,4,2.5,2.5,1.5,2,3,3,11,11.5,12.5,48
"GP","M","U","LE3","T","teacher","other","course","mother",16,4,3.5,1,1,0,0,0,0,1,0.5,1,1,0,5,3.5,3.5,1,1.5,4,0,9.5,6,6,47
"GP","M","U","GT3","T","services","services","course","mother",16,4,3.5,1,1,0,0,0,0,1,0.5,1,1,0,5,3.5,3.5,1,1.5,4,0,9.5,6,6,47
"GP","F","U","GT3","T","other","other","course","other",18,2.5,2,1.5,2.5,0.5,0,1,0.5,0,0.5,1,1,1,4,3.5,3.5,1,2,4,4,5,2.5,2.5,52
"GP","M","U","GT3","T","other","other","course","mother",16,1,1.5,2,1,0,0,0,0.5,0,0.5,1,1,0,4,3,2.5,1.5,2.5,4.5,3,15.5,16.5,16.5,51.5
"GP","M","U","GT3","T","other","other","course","father",17,3,3.5,2,1.5,0,0,0.5,0.5,0,1,1,1,0,4,2.5,2.5,1.5,2,3,3,11,11.5,12.5,48
"GP","M","U","GT3","T","services","services","other","mother",21,2,1.33333333333333,1,1.33333333333333,2.66666666666667,0,0.333333333333333,0.333333333333333,0,0.333333333333333,0.666666666666667,0.333333333333333,0.333333333333333,5,4.66666666666667,4,4,4.33333333333333,2.66666666666667,10,8.33333333333333,8.33333333333333,8,54.6666666666667
"GP","M","R","LE3","T","other","services","course","mother",18,2.5,2,1.5,2.5,0.5,0,1,0.5,0,0.5,1,1,1,4,3.5,3.5,1,2,4,4,5,2.5,2.5,52
"GP","M","U","GT3","T","other","other","other","mother",16,1,1.5,2,1,0,0,0,0.5,0,0.5,1,1,0,4,3,2.5,1.5,2.5,4.5,3,15.5,16.5,16.5,51.5
"GP","M","U","GT3","T","services","other","course","mother",18,2.5,1.5,1.5,1,1,0,0,0,0,0.5,0,1,0,3.5,3,5,2,4.5,5,2,6,8.5,8,54.5
"GP","M","U","GT3","T","at_home","other","reputation","other",16,2.5,2,2.5,1.5,0,0.5,0.5,0,0.5,0,1,0.5,0,4,3,2.5,1,3,2.5,3,7.5,9.5,9,51
"GP","M","U","GT3","T","services","services","other","mother",18,2.5,1.5,1.5,1,1,0,0,0,0,0.5,0,1,0,3.5,3,5,2,4.5,5,2,6,8.5,8,54.5
"GP","M","R","GT3","T","other","other","course","mother",16,2.5,2,2.5,1.5,0,0.5,0.5,0,0.5,0,1,0.5,0,4,3,2.5,1,3,2.5,3,7.5,9.5,9,51
"GP","M","R","GT3","T","other","other","course","mother",17,1.5,1,1.5,1,0.5,0,0.5,0,0.5,0.5,1,1,0,4,4,3,1.5,3,5,1,7.5,10.5,10,38.5
"GP","M","U","LE3","T","health","other","course","mother",17,1.5,1,1.5,1,0.5,0,0.5,0,0.5,0.5,1,1,0,4,4,3,1.5,3,5,1,7.5,10.5,10,38.5
"GP","F","U","LE3","T","teacher","services","reputation","mother",17,3,2,1,4,0,0,0.5,1,1,1,1,1,0.5,3.5,3,2,1,1,3,3,12,10.5,6.5,53
"GP","M","U","LE3","A","services","at_home","reputation","mother",19,3.5,3,1,3,0,0,1,0.5,0.5,1,1,1,0,4,3,2,1,1.5,2,11,9.5,9.5,9.5,59.5
"GP","M","U","GT3","T","other","other","home","mother",18,3,2,1,2,0,0,0.5,0.5,0.5,1,1,1,0.5,4,1.5,3,1,2.5,3,14.5,16,16,16,48.5
"GP","F","U","LE3","T","services","services","course","father",17,3,2,1,4,0,0,0.5,1,1,1,1,1,0.5,3.5,3,2,1,1,3,3,12,10.5,6.5,53
"GP","F","U","GT3","T","services","other","home","father",18,3,2,1,2,0,0,0.5,0.5,0.5,1,1,1,0.5,4,1.5,3,1,2.5,3,14.5,16,16,16,48.5
"GP","M","U","GT3","T","teacher","other","course","mother",18,3.5,2.5,1,2.5,0,0,0.5,0.5,0.5,0,1,0.5,0,4.5,3,2,1,1,3,1.5,10.5,10,10,46
"GP","M","R","GT3","T","other","other","course","mother",18,3.5,2.5,1,2.5,0,0,0.5,0.5,0.5,0,1,0.5,0,4.5,3,2,1,1,3,1.5,10.5,10,10,46
"GP","F","U","GT3","T","other","other","home","mother",17,3,2,1,2.5,0,0,0,0.5,1,0.5,1,0.5,0.5,4,3,3.5,2,2.5,4.5,3,9.5,9,9.5,48.5
"GP","F","U","GT3","T","at_home","services","home","mother",18,2.5,3,1.5,2.5,0,0,1,1,1,1,1,1,0.5,4,2.5,4,2,2.5,2,6.5,13,13.5,8.5,55.5
"GP","M","R","LE3","A","other","other","reputation","mother",18,2.5,3,1.5,2.5,0,0,1,1,1,1,1,1,0.5,4,2.5,4,2,2.5,2,6.5,13,13.5,8.5,55.5
"GP","M","U","GT3","T","services","other","other","mother",17,3,2,1,2.5,0,0,0,0.5,1,0.5,1,0.5,0.5,4,3,3.5,2,2.5,4.5,3,9.5,9,9.5,48.5
"GP","F","R","GT3","T","teacher","other","reputation","mother",18,4,3,1.5,2,0,0,0.5,1,1,1,1,1,0.5,4.5,3.5,4.5,1.5,2.5,4.5,9,11,9.5,10.5,50.5
"GP","M","U","GT3","T","health","other","reputation","father",18,4,3,1.5,2,0,0,0.5,1,1,1,1,1,0.5,4.5,3.5,4.5,1.5,2.5,4.5,9,11,9.5,10.5,50.5
"GP","F","R","GT3","T","other","other","reputation","mother",18,2,2,1.5,3,0,0,1,0.5,0.5,1,0.5,1,1,4,4,5,1,2.5,2.5,2,10.5,7,7,49.5
"GP","F","U","GT3","T","other","services","home","other",19,3.5,3.5,1.5,2,1,0,1,1,1,1,1,1,0,3,3,4.5,2.5,3,3.5,7.5,9.5,9,4.5,49
"GP","F","U","GT3","T","other","services","reputation","father",18,2,2,1.5,3,0,0,1,0.5,0.5,1,0.5,1,1,4,4,5,1,2.5,2.5,2,10.5,7,7,49.5
"GP","F","U","LE3","T","other","other","home","mother",18,2,1.5,2,2,0,0,0.5,0.5,0,0,0.5,0.5,0.5,4,2.5,2,1,1,4,38.5,10.5,10,10,54.5
"GP","M","R","GT3","T","at_home","at_home","home","mother",17,1.5,3,1.5,2,0,0,1,1,0.5,0.5,1,0.5,1,3.5,4,2.5,1.5,1.5,1,2,12.5,12,12,52.5
"GP","F","U","GT3","T","at_home","health","reputation","mother",17,1.5,3,1.5,2,0,0,1,1,0.5,0.5,1,0.5,1,3.5,4,2.5,1.5,1.5,1,2,12.5,12,12,52.5
"GP","F","U","LE3","T","services","other","course","mother",17,3,1.5,2,1.5,0,0.5,0.5,1,0.5,1,1,1,1,4,4.5,4,2,3.5,5,18,10,10,10,46.5
"GP","F","R","GT3","A","other","services","home","mother",18,2,1.5,2,2,0,0,0.5,0.5,0,0,0.5,0.5,0.5,4,2.5,2,1,1,4,38.5,10.5,10,10,54.5
"GP","M","U","GT3","T","teacher","services","home","mother",18,4,4,1.5,1.5,0.5,0.5,0.5,0.5,1,1,1,1,0.5,2.5,3,4,1,2.5,3.5,18.5,9,8.5,8.5,43.5
"GP","F","U","GT3","T","health","health","reputation","father",18,4,4,1.5,1.5,0.5,0.5,0.5,0.5,1,1,1,1,0.5,2.5,3,4,1,2.5,3.5,18.5,9,8.5,8.5,43.5
"GP","M","U","LE3","T","teacher","services","course","mother",18,2.5,2,2,2.5,0,0,0.5,1,1,1,1,0.5,0,4.5,2,2.5,1,1.5,2,4.5,11,11.5,11,44.5
"GP","M","U","LE3","A","services","other","home","mother",17,3,1.5,2,1.5,0,0.5,0.5,1,0.5,1,1,1,1,4,4.5,4,2,3.5,5,18,10,10,10,46.5
"GP","M","U","LE3","A","teacher","services","home","mother",17,2.5,2,1,1.5,0.5,0,0.5,0,0,0.5,1,1,0,4.5,4,4.5,2,3,4,11.5,10.5,9,10.5,48
"GP","F","R","LE3","T","at_home","other","reputation","mother",18,2.5,2,2,2.5,0,0,0.5,1,1,1,1,0.5,0,4.5,2,2.5,1,1.5,2,4.5,11,11.5,11,44.5
"GP","F","U","GT3","T","other","other","home","mother",18,1.5,1.5,1.5,2.5,0,0.5,0.5,0.5,0.5,1,1,1,0,4.5,3.5,3.5,1,1.5,3,4.5,13,13.5,14.5,46.5
"GP","F","U","GT3","T","other","other","course","mother",17,2.5,2,1,1.5,0.5,0,0.5,0,0,0.5,1,1,0,4.5,4,4.5,2,3,4,11.5,10.5,9,10.5,48
"GP","M","U","GT3","T","other","other","reputation","father",17,1,1,1,2.5,0,0,0.5,1,0,0.5,1,1,0,4,3,3,1,1.5,3.5,4,12.5,11,11.5,54.5
"GP","F","U","GT3","T","at_home","at_home","other","mother",18,1.5,1.5,1.5,2.5,0,0.5,0.5,0.5,0.5,1,1,1,0,4.5,3.5,3.5,1,1.5,3,4.5,13,13.5,14.5,46.5
"GP","F","U","GT3","T","services","teacher","reputation","mother",17,1,1,1,2.5,0,0,0.5,1,0,0.5,1,1,0,4,3,3,1,1.5,3.5,4,12.5,11,11.5,54.5
"GP","M","U","GT3","T","services","services","reputation","mother",18,3,2.5,1,2.5,0,0,0.5,1,1,1,1,1,0,4.5,3,3.5,1,2,2,7.5,15,13.5,14.5,47.5
"GP","M","U","LE3","A","teacher","teacher","reputation","mother",18,3,2.5,1,2.5,0,0,0.5,1,1,1,1,1,0,4.5,3,3.5,1,2,2,7.5,15,13.5,14.5,47.5
"GP","M","U","GT3","T","teacher","other","home","mother",18,3,1.5,1,2,0.5,0,0.5,0.5,0.5,1,1,1,1,4.5,3.5,2.5,1,2.5,5,11.5,12,11.5,12,50.5
"GP","F","U","GT3","T","health","services","reputation","mother",17,3.5,2,1.5,3.5,0,0,1,1,0,1,1,0.5,0,3.5,1.5,2,1,1.5,3,3,16.5,16.5,16.5,43
"GP","F","U","LE3","T","services","at_home","reputation","mother",18,3,1.5,1,2,0.5,0,0.5,0.5,0.5,1,1,1,1,4.5,3.5,2.5,1,2.5,5,11.5,12,11.5,12,50.5
"GP","F","R","LE3","T","services","other","reputation","mother",17,3.5,2,1.5,3.5,0,0,1,1,0,1,1,0.5,0,3.5,1.5,2,1,1.5,3,3,16.5,16.5,16.5,43
"GP","M","R","LE3","T","services","other","reputation","mother",18,3.5,2.5,2,2.5,0,0,1,1,0.5,1,1,1,0.5,4.5,4,3.5,1,1.5,3,9,12,10.5,11,46
"GP","M","U","GT3","T","health","other","home","mother",17,3.5,3.5,1.5,1,0,0,0.5,1,0,1,1,1,0,4,2.5,2,1.5,2.5,5,2,12.5,11.5,10.5,57.5
"GP","F","U","GT3","T","health","other","reputation","other",19,3.5,3.5,1.5,2,1,0,1,1,1,1,1,1,0,3,3,4.5,2.5,3,3.5,7.5,9.5,9,4.5,49
"GP","F","U","LE3","T","other","other","home","other",18,3.5,2.5,2,2.5,0,0,1,1,0.5,1,1,1,0.5,4.5,4,3.5,1,1.5,3,9,12,10.5,11,46
"GP","F","U","GT3","T","other","other","reputation","father",18,4,3.5,1,2.5,0,0,1,1,0,1,1,1,0.5,2.5,3.5,2.5,1.5,1.5,2,2.5,15,14,15,54
"GP","M","U","LE3","T","teacher","teacher","home","mother",18,4,3.5,1,2.5,0,0,1,1,0,1,1,1,0.5,2.5,3.5,2.5,1.5,1.5,2,2.5,15,14,15,54
"GP","F","U","LE3","A","health","other","home","mother",18,3,4,1,2,0.5,0,1,0.5,0.5,1,1,1,0.5,4,3,3.5,1,1,3.5,11,13,11,11.5,48
"GP","M","U","LE3","T","other","teacher","home","father",17,3.5,3.5,1.5,1,0,0,0.5,1,0,1,1,1,0,4,2.5,2,1.5,2.5,5,2,12.5,11.5,10.5,57.5
"GP","F","U","GT3","T","other","other","reputation","mother",17,3.5,2,1.5,3.5,0,0,1,1,0.5,0.5,1,1,0,4.5,2.5,2.5,1,1.5,4,0,16,14.5,16,41
"GP","F","U","GT3","T","health","health","reputation","father",17,3.5,2,1.5,3.5,0,0,1,1,0.5,0.5,1,1,0,4.5,2.5,2.5,1,1.5,4,0,16,14.5,16,41
"GP","M","U","GT3","T","other","other","home","other",19,3.5,3.5,1.5,1.5,1,0,1,0.5,0.5,1,1,1,1,4,3.5,4,1,1,3.5,29,11.5,11.5,10.5,47.5
"GP","F","U","GT3","T","services","at_home","reputation","other",18,3,4,1,2,0.5,0,1,0.5,0.5,1,1,1,0.5,4,3,3.5,1,1,3.5,11,13,11,11.5,48
"GP","M","U","GT3","A","services","other","course","other",20,3.5,2,1.5,2,1,0,0.5,0.5,0.5,0.5,1,0.5,0.5,5,4.5,3,1,1,4,2,16,16,16.5,51.5
"GP","M","U","GT3","T","teacher","services","reputation","other",19,3.5,3.5,1.5,1.5,1,0,1,0.5,0.5,1,1,1,1,4,3.5,4,1,1,3.5,29,11.5,11.5,10.5,47.5
"GP","M","R","GT3","T","other","services","reputation","father",19,2,2,1,2,1,0.5,0.5,0,1,0.5,1,0.5,0.5,4,4.5,3,1,2.5,4,9,13.5,11,11,48.5
"GP","F","U","LE3","T","at_home","other","reputation","other",19,2,2,1,2,1,0.5,0.5,0,1,0.5,1,0.5,0.5,4,4.5,3,1,2.5,4,9,13.5,11,11,48.5
"GP","F","U","LE3","T","services","services","home","other",19,1.5,1.5,2,2,0.5,0,0.5,0,0.5,0.5,0.5,0.5,1,3.5,3,2.5,1.5,1.5,2.5,10,11.5,10.5,6.5,58
"GP","F","U","GT3","T","at_home","other","other","other",19,1.5,1.5,2,2,0.5,0,0.5,0,0.5,0.5,0.5,0.5,1,3.5,3,2.5,1.5,1.5,2.5,10,11.5,10.5,6.5,58
"GP","M","U","GT3","T","other","services","course","other",19,2,2,1.5,2,1,0,0.5,0.5,0,0,1,1,0.5,4,3.5,2,1.5,2,2.5,12.5,13,10.5,11,46.5
"GP","F","U","LE3","T","services","other","reputation","other",19,2,2,1.5,2,1,0,0.5,0.5,0,0,1,1,0.5,4,3.5,2,1.5,2,2.5,12.5,13,10.5,11,46.5
"GP","F","U","GT3","T","at_home","health","home","other",19,1.5,2,1,3,1.5,0,0,0,0,0.5,1,1,1,4,1,2,1,1,3,27,14,12,12,56.5
"GP","F","R","GT3","T","other","other","reputation","other",19,1.5,2,1,3,1.5,0,0,0,0,0.5,1,1,1,4,1,2,1,1,3,27,14,12,12,56.5
"GP","F","U","GT3","T","services","other","course","mother",18,3,2,1.5,2.5,0,0,1,1,1,1,1,1,0.5,4.5,3,3.5,1,1.5,3,4.5,8.5,9,4.5,48
"GP","F","U","GT3","T","other","other","course","mother",18,3,2,1.5,2.5,0,0,1,1,1,1,1,1,0.5,4.5,3,3.5,1,1.5,3,4.5,8.5,9,4.5,48
"GP","F","R","GT3","T","at_home","services","course","father",17,3.5,3.5,1,2.5,0,0,1,1,0.5,0.5,1,1,0.5,4.5,2.5,3,1.5,3.5,5,11.5,12,12,11.5,48
"GP","F","U","GT3","T","teacher","other","course","mother",18,4,4,1,2.5,0,0,0.5,0.5,0.5,1,1,1,0,4,3.5,3.5,2.5,2.5,4,2.5,10,11.5,11,51
"GP","F","U","GT3","A","services","services","course","mother",17,3.5,3.5,1,2.5,0,0,1,1,0.5,0.5,1,1,0.5,4.5,2.5,3,1.5,3.5,5,11.5,12,12,11.5,48
"GP","F","U","GT3","T","other","other","course","mother",17,2,2,1,2.5,0,0,1,0.5,0.5,1,1,0.5,0.5,3.5,2.5,2,1.5,1.5,3,7.5,11,10,10,51
"GP","F","R","LE3","T","services","services","course","mother",17,2,2,1,2.5,0,0,1,0.5,0.5,1,1,0.5,0.5,3.5,2.5,2,1.5,1.5,3,7.5,11,10,10,51
"GP","F","U","GT3","T","services","services","course","father",17,1.5,1.5,1.5,3,0,0,0.5,0,0,0.5,1,1,0,3,3.5,3,2,3,3.5,0.5,14,14.5,15,51
"GP","F","U","LE3","T","at_home","at_home","home","father",17,1.5,1.5,1.5,3,0,0,0.5,0,0,0.5,1,1,0,3,3.5,3,2,3,3.5,0.5,14,14.5,15,51
"GP","M","U","GT3","T","other","other","course","mother",18,4,4,1,2.5,0,0,0.5,0.5,0.5,1,1,1,0,4,3.5,3.5,2.5,2.5,4,2.5,10,11.5,11,51
"GP","M","U","GT3","T","other","services","reputation","mother",17,2.5,2.5,2.5,1,0,0,0.5,0,0.5,0.5,1,1,0,4,3.5,5,4,5,4.5,5.5,12.5,12.5,13,44.5
"GP","M","R","GT3","T","services","other","course","mother",17,2.5,2.5,2.5,1,0,0,0.5,0,0.5,0.5,1,1,0,4,3.5,5,4,5,4.5,5.5,12.5,12.5,13,44.5
"GP","F","U","GT3","T","teacher","services","course","mother",17,4,4,1.5,3,0,0,1,1,0.5,0.5,1,1,0.5,4.5,3.5,3.5,1,2.5,4,5.5,12,11.5,11.5,57
"GP","F","U","GT3","T","teacher","teacher","course","mother",17,4,4,1.5,3,0,0,1,1,0.5,0.5,1,1,0.5,4.5,3.5,3.5,1,2.5,4,5.5,12,11.5,11.5,57
"GP","M","U","LE3","T","other","other","course","mother",18,2.5,2.5,1,3,0,0,0.5,0,1,1,1,1,0,4.5,4,4.5,1.5,2.5,4.5,1,8,4,4,44
"GP","F","R","GT3","T","at_home","other","course","father",17,2.5,4,1,3,0,0,0.5,0,0,1,1,1,0.5,4,4,4,1,2,5,11.5,14,14.5,14.5,52
"GP","F","U","GT3","T","services","services","home","mother",18,2.5,2.5,1,3,0,0,0.5,0,1,1,1,1,0,4.5,4,4.5,1.5,2.5,4.5,1,8,4,4,44
"GP","F","U","LE3","T","other","other","home","other",18,2,2,1.5,3,0,0,0,0,1,0.5,1,0.5,0.5,4,3.5,3.5,1,1,3,0,9,8.5,0,44.5
"GP","F","R","GT3","T","at_home","other","course","mother",18,2,2,1.5,3,0,0,0,0,1,0.5,1,0.5,0.5,4,3.5,3.5,1,1,3,0,9,8.5,0,44.5
"GP","F","U","GT3","T","services","other","course","mother",17,2.5,4,1,3,0,0,0.5,0,0,1,1,1,0.5,4,4,4,1,2,5,11.5,14,14.5,14.5,52
"GP","F","R","GT3","A","services","at_home","home","other",19,2.5,1,1,3,1,0,0,1,0.5,1,1,0.5,0.5,4.5,3.5,3.5,1,2.5,4,8,12.5,12.5,12,45
"GP","F","U","GT3","T","other","other","home","mother",17,3,2,1,2,0,0,1,1,0,1,1,1,0.5,4,3,2.5,2,3,2,2,8,9,5,53
"GP","F","U","LE3","T","services","services","home","mother",18,3.5,3.5,1,3,0.5,0,1,0,0.5,1,1,1,0,4.5,3,3,1.5,1.5,1.5,3.5,13,12.5,8.5,50
"GP","F","R","GT3","A","other","other","home","mother",17,3,2,1,2,0,0,1,1,0,1,1,1,0.5,4,3,2.5,2,3,2,2,8,9,5,53
"GP","F","U","GT3","T","services","services","home","other",19,2.5,1,1,3,1,0,0,1,0.5,1,1,0.5,0.5,4.5,3.5,3.5,1,2.5,4,8,12.5,12.5,12,45
"GP","M","U","GT3","T","teacher","services","home","father",18,3.5,3.5,1,3,0.5,0,1,0,0.5,1,1,1,0,4.5,3,3,1.5,1.5,1.5,3.5,13,12.5,8.5,50
"GP","M","U","LE3","T","services","other","home","mother",18,2.5,3.5,1,2.5,0,0,0.5,0,0.5,1,1,1,0.5,4,3,3,1,2.5,4,7.5,13.5,12.5,12.5,55
"GP","F","U","GT3","A","at_home","at_home","home","father",17,3,2.5,1,2.5,0.5,0,1,0.5,0.5,1,1,1,1,3.5,3.5,2,1,2.5,4,0,11,11.5,7.5,42
"GP","F","U","GT3","T","at_home","other","course","mother",18,2.5,3.5,1,2.5,0,0,0.5,0,0.5,1,1,1,0.5,4,3,3,1,2.5,4,7.5,13.5,12.5,12.5,55
"GP","F","U","GT3","T","other","services","other","mother",18,3.5,2.5,1,3,0,0,0,0,0,1,1,1,1,5,3.5,2.5,1.5,2.5,2.5,8,14.5,14,15,51.5
"GP","M","R","GT3","T","teacher","services","course","mother",18,3.5,2.5,1,3,0,0,0,0,0,1,1,1,1,5,3.5,2.5,1.5,2.5,2.5,8,14.5,14,15,51.5
"GP","M","U","GT3","T","teacher","other","course","mother",18,3.5,2.5,1.5,2,0.5,0,1,0.5,0,0.5,1,1,0.5,3.5,4.5,5,3.5,4,5,5,10.5,11.5,11,52.5
"GP","F","U","GT3","T","health","other","reputation","mother",17,3,2.5,1,2.5,0.5,0,1,0.5,0.5,1,1,1,1,3.5,3.5,2,1,2.5,4,0,11,11.5,7.5,42
"MS","M","R","GT3","T","other","other","course","mother",18,3.5,2.5,1.5,2,0.5,0,1,0.5,0,0.5,1,1,0.5,3.5,4.5,5,3.5,4,5,5,10.5,11.5,11,52.5
"MS","M","R","GT3","T","other","services","home","other",19,1,1,3,1.5,2,0,0.5,0,0,1,1,1,0,4.5,4,4,3,3,3.5,6,8,7.5,8,53
"MS","M","U","GT3","T","health","other","course","mother",17,3.5,3,2,2,0,0,1,1,0.5,0.5,1,1,0.5,4,5,4.5,1.5,3,2.5,3,13,12,12,55.5
"MS","M","U","LE3","T","at_home","services","course","mother",18,2,3,1,1.5,0.5,0,0.5,0,0,1,0.5,0.5,1,4.5,3,3.5,1.5,2,4,3.5,9,8,8.5,44
"MS","M","R","GT3","T","other","other","home","other",19,1,1,3,1.5,2,0,0.5,0,0,1,1,1,0,4.5,4,4,3,3,3.5,6,8,7.5,8,53
"MS","M","R","GT3","T","services","other","home","mother",17,3.5,3,2,2,0,0,1,1,0.5,0.5,1,1,0.5,4,5,4.5,1.5,3,2.5,3,13,12,12,55.5
"MS","F","U","GT3","T","services","services","course","father",18,2,3,1,1.5,0.5,0,0.5,0,0,1,0.5,0.5,1,4.5,3,3.5,1.5,2,4,3.5,9,8,8.5,44
"MS","F","R","GT3","T","teacher","services","other","father",17,3.5,3,2,2,0,0,0.5,0.5,0.5,1,1,0.5,0.5,2.5,2.5,3,1,2,5,3,12,12.5,12,41
"MS","F","U","LE3","A","services","other","reputation","mother",17,3.5,3,2,2,0,0,0.5,0.5,0.5,1,1,0.5,0.5,2.5,2.5,3,1,2,5,3,12,12.5,12,41
"MS","M","U","LE3","T","other","services","home","father",18,1,1,2,2,0,0,0,0,0,0.5,1,1,0.5,4,3,2,1,1.5,3.5,2,14,13,13,48.5
"MS","F","U","LE3","T","at_home","services","course","father",18,1,1,2,2,0,0,0,0,0,0.5,1,1,0.5,4,3,2,1,1.5,3.5,2,14,13,13,48.5
"MS","F","R","LE3","A","at_home","other","course","mother",18,1,2.5,2.5,2,0.5,0,0,0,0.5,0.5,0.5,0,0.5,4,3.5,3.5,1.5,3.5,5,1,13,12.5,12.5,53
"MS","M","R","LE3","T","at_home","other","other","mother",18,1,2.5,2.5,2,0.5,0,0,0,0.5,0.5,0.5,0,0.5,4,3.5,3.5,1.5,3.5,5,1,13,12.5,12.5,53
"MS","F","U","GT3","T","services","services","other","mother",18,2,3,2,2,0,0,1,0.5,0,1,1,0.5,0.5,3.5,3,3,1.5,3.5,3,2,10.5,10.5,10,50
"MS","F","U","LE3","T","at_home","at_home","course","mother",17,2.5,3,1.5,2,0,0,0.5,0.5,0.5,0.5,1,0.5,0.5,2.5,2.5,3,1,1.5,2,0,14,13,13.5,54.5
"MS","F","R","GT3","T","other","services","course","father",17,2.5,3,1.5,2,0,0,0.5,0.5,0.5,0.5,1,0.5,0.5,2.5,2.5,3,1,1.5,2,0,14,13,13.5,54.5
"MS","M","R","GT3","T","at_home","other","course","mother",18,2,3,2,2,0,0,1,0.5,0,1,1,0.5,0.5,3.5,3,3,1.5,3.5,3,2,10.5,10.5,10,50
"MS","M","U","LE3","T","teacher","services","other","mother",18,3,3.5,2,2,0,0,0.5,1,0,1,1,1,1,4.5,2,2.5,1.5,2,4.5,0,12,11.5,11.5,48.5
"MS","F","R","GT3","T","other","services","reputation","mother",17,1.5,1.5,2,2,0.5,0,0.5,0.5,0.5,1,1,0.5,1,4,3,2,1,1.5,2,4,10,8.5,5.5,44
"MS","F","U","GT3","T","at_home","services","course","father",18,3,3.5,2,2,0,0,0.5,1,0,1,1,1,1,4.5,2,2.5,1.5,2,4.5,0,12,11.5,11.5,48.5
"MS","F","R","GT3","T","other","teacher","other","father",18,2.5,3,3,1.5,0,0,1,1,0.5,0.5,0.5,1,1,3.5,2.5,2.5,3,2.5,4,6.5,14,12,11.5,45.5
"MS","F","U","LE3","T","services","services","home","other",19,2,1.5,2,1.5,1.5,0,0,0,0.5,1,1,0,0.5,3.5,2.5,2,1,2,4,2,6.5,6,4.5,52
"MS","M","R","LE3","T","at_home","services","other","father",18,2.5,3,3,1.5,0,0,1,1,0.5,0.5,0.5,1,1,3.5,2.5,2.5,3,2.5,4,6.5,14,12,11.5,45.5
"MS","F","U","GT3","T","other","at_home","home","mother",17,1.5,1.5,2,2,0.5,0,0.5,0.5,0.5,1,1,0.5,1,4,3,2,1,1.5,2,4,10,8.5,5.5,44
"MS","F","R","GT3","T","other","other","course","mother",17,2,1.5,1,1.5,0,0,0.5,0.5,1,0.5,1,1,0,3.5,5,4.5,1.5,3,1,15.5,8,7.5,7.5,51
"MS","F","R","LE3","T","other","other","reputation","mother",18,2.5,2.5,3,3,0,0,0,0,0,1,1,1,0,4.5,3.5,3,1,1.5,2.5,1,13.5,13,14.5,44.5
"MS","F","R","GT3","T","other","other","home","mother",18,2.5,2.5,3,3,0,0,0,0,0,1,1,1,0,4.5,3.5,3,1,1.5,2.5,1,13.5,13,14.5,44.5
"MS","F","U","GT3","T","health","other","course","other",20,3.5,2,1.5,2,1,0,0.5,0.5,0.5,0.5,1,0.5,0.5,5,4.5,3,1,1,4,2,16,16,16.5,51.5
"MS","F","R","LE3","T","teacher","services","course","mother",18,3.5,3.5,1,2,0,0,0,1,0.5,1,1,1,0.5,4.5,2.5,3,2,3,1.5,2,11.5,12,12.5,49
"MS","F","U","GT3","T","other","other","home","mother",18,3.5,3.5,1,2,0,0,0,1,0.5,1,1,1,0.5,4.5,2.5,3,2,3,1.5,2,11.5,12,12.5,49
"MS","F","R","GT3","T","at_home","other","reputation","mother",17,2,1.5,1,1.5,0,0,0.5,0.5,1,0.5,1,1,0,3.5,5,4.5,1.5,3,1,15.5,8,7.5,7.5,51
"MS","M","U","GT3","T","teacher","teacher","home","father",18,3,2.5,1.5,1.5,0,0,0,0.5,1,0,1,1,0.5,3.5,3,3.5,1,3.5,3.5,4.5,11,10,10.5,54.5
"MS","M","R","GT3","T","other","other","other","mother",18,3,2.5,1.5,1.5,0,0,0,0.5,1,0,1,1,0.5,3.5,3,3.5,1,3.5,3.5,4.5,11,10,10.5,54.5
"MS","M","U","GT3","T","other","services","home","father",17,2.5,2,2,1.5,0,0,0,0,0.5,0.5,1,1,0,3,4,4,2,2.5,2.5,2.5,12.5,13.5,13,55.5
"MS","M","R","GT3","T","other","services","other","mother",19,2,1.5,2,1.5,1.5,0,0,0,0.5,1,1,0,0.5,3.5,2.5,2,1,2,4,2,6.5,6,4.5,52
"MS","M","R","GT3","T","other","other","home","father",18,3,2,2,2,0.5,0,0,1,0,1,1,0,0,5,3.5,3,2.5,3,3.5,8,8,7,7.5,47.5
"MS","F","R","GT3","T","at_home","other","other","mother",18,3,2,2,2,0.5,0,0,1,0,1,1,0,0,5,3.5,3,2.5,3,3.5,8,8,7,7.5,47.5
"MS","F","R","GT3","T","teacher","at_home","reputation","mother",18,3.5,2.5,2,1.5,0,0,1,1,0.5,1,1,1,0.5,4,3.5,3.5,1.5,1.5,3,3.5,6.5,7,7,52
"MS","F","R","GT3","T","services","other","course","mother",19,1.5,2,1,2,0.5,0,0,0,0.5,0.5,1,1,0,4,3,2.5,2,2.5,5,2.5,7.5,7,4.5,37
"MS","F","U","LE3","T","teacher","services","course","mother",18,3.5,2.5,2,1.5,0,0,1,1,0.5,1,1,1,0.5,4,3.5,3.5,1.5,1.5,3,3.5,6.5,7,7,52
"MS","F","U","GT3","T","other","other","course","mother",18,2,1.5,2.5,1.5,0.5,0,0,0,0.5,0.5,1,0.5,0,2.5,2.5,1,2,2.5,5,0,8.5,8.5,5,51
"MS","M","U","LE3","A","services","services","course","other",21,2,1.33333333333333,1,1.33333333333333,2.66666666666667,0,0.333333333333333,0.333333333333333,0,0.333333333333333,0.666666666666667,0.333333333333333,0.333333333333333,5,4.66666666666667,4,4,4.33333333333333,2.66666666666667,10,8.33333333333333,8.33333333333333,8,54.6666666666667
"MS","M","U","LE3","T","services","services","course","mother",17,2.5,2,2,1.5,0,0,0,0,0.5,0.5,1,1,0,3,4,4,2,2.5,2.5,2.5,12.5,13.5,13,55.5
"MS","M","R","GT3","T","other","other","course","other",21,2,1.33333333333333,1,1.33333333333333,2.66666666666667,0,0.333333333333333,0.333333333333333,0,0.333333333333333,0.666666666666667,0.333333333333333,0.333333333333333,5,4.66666666666667,4,4,4.33333333333333,2.66666666666667,10,8.33333333333333,8.33333333333333,8,54.6666666666667
"MS","M","R","LE3","T","services","other","course","mother",18,2,1.5,2.5,1.5,0.5,0,0,0,0.5,0.5,1,0.5,0,2.5,2.5,1,2,2.5,5,0,8.5,8.5,5,51
"MS","M","U","LE3","T","other","at_home","course","father",19,1.5,2,1,2,0.5,0,0,0,0.5,0.5,1,1,0,4,3,2.5,2,2.5,5,2.5,7.5,7,4.5,37
